{
    "Conv_0": 0.07578012999999995,
    "Conv_1": 0.04775947031250005,
    "Relu_2": 0.007096772918918877,
    "Conv_3": 0.45193996249999974,
    "Relu_4": 0.007096772918918877,
    "Conv_5": 0.1794333812499999,
    "Conv_6": 0.21378503124999998,
    "Relu_7": 0.007096772918918877,
    "Conv_8": 0.45193996249999974,
    "Relu_9": 0.007096772918918877,
    "Conv_10": 0.1794333812499999,
    "Conv_11": 0.21485088437499994,
    "Relu_12": 0.007723791351351312,
    "Conv_13": 0.5607458312499998,
    "Relu_14": 0.007723791351351312,
    "Conv_15": 0.19183217812499997,
    "Conv_16": 0.23089119062500002,
    "Relu_17": 0.008532782378378392,
    "Conv_18": 0.6291966937499989,
    "Relu_19": 0.008532782378378392,
    "Conv_20": 0.2231842624999995,
    "Conv_21": 0.2700085187500002,
    "Relu_22": 0.009227342864864894,
    "Conv_23": 0.6834862312499985,
    "Relu_24": 0.009227342864864894,
    "Conv_25": 0.26335636250000005,
    "Conv_26": 0.31811084062499984,
    "Relu_27": 0.009227342864864894,
    "Conv_28": 0.6834862312499985,
    "Relu_29": 0.009227342864864894,
    "Conv_30": 0.26335636250000005,
    "Conv_31": 0.34310351874999895,
    "Relu_32": 0.010033442432432422,
    "Conv_33": 0.8524684437499989,
    "Relu_34": 0.010033442432432422,
    "Conv_35": 0.30528775625000076,
    "Conv_36": 0.3563196093750001,
    "Relu_37": 0.010759333351351397,
    "Conv_38": 0.9318751656250003,
    "Relu_39": 0.010759333351351397,
    "Conv_40": 0.3327815718750008,
    "Conv_41": 0.4039612281250008,
    "Relu_42": 0.011450131621621654,
    "Conv_43": 1.0620247062500006,
    "Relu_44": 0.011450131621621654,
    "Conv_45": 0.37482223437499956,
    "Conv_46": 0.44549073749999984,
    "Relu_47": 0.01227105264864865,
    "Conv_48": 1.2286533624999993,
    "Relu_49": 0.01227105264864865,
    "Conv_50": 0.41822609062499944,
    "Conv_51": 0.4717324625,
    "Relu_52": 0.01227105264864865,
    "Conv_53": 1.2286533624999993,
    "Relu_54": 0.01227105264864865,
    "Conv_55": 0.41822609062499944,
    "Conv_56": 0.5339800875000009,
    "Relu_57": 0.01292465848648652,
    "Conv_58": 1.4425024843750018,
    "Relu_59": 0.01292465848648652,
    "Conv_60": 0.4732669906250001,
    "Conv_61": 0.5430689062500007,
    "Relu_62": 0.013663399135135111,
    "Conv_63": 1.5698124374999969,
    "Relu_64": 0.013663399135135111,
    "Conv_65": 0.5477405906250004,
    "Conv_66": 0.637354325,
    "Relu_67": 0.014385872108108124,
    "Conv_68": 1.6643400937499977,
    "Relu_69": 0.014385872108108124,
    "Conv_70": 0.6107328781250001,
    "Conv_71": 0.6467804812499998,
    "Relu_72": 0.014385872108108124,
    "Conv_73": 1.6643400937499977,
    "Relu_74": 0.014385872108108124,
    "Conv_75": 0.6107328781250001,
    "Conv_76": 0.6764938812500001,
    "Relu_77": 0.015193572216216282,
    "Conv_78": 1.876097531250003,
    "Relu_79": 0.015193572216216282,
    "Conv_80": 0.6403467874999992,
    "Conv_81": 0.7594836624999997,
    "Relu_82": 0.015894096972973032,
    "Conv_83": 1.9598892812500028,
    "Relu_84": 0.015894096972973032,
    "Conv_85": 0.6937521124999994,
    "Conv_86": 0.8073257656249995,
    "Relu_87": 0.016648227675675756,
    "Conv_88": 2.2826846562500007,
    "Relu_89": 0.016648227675675756,
    "Conv_90": 0.7783099156250011,
    "Conv_91": 0.8800368781249993,
    "Relu_92": 0.01738288081081089,
    "Conv_93": 0.5447339937500006,
    "Relu_94": 0.004704719675675668,
    "Conv_95": 0.20910017812499984,
    "Conv_96": 0.22350512187499988,
    "Relu_97": 0.004704719675675668,
    "Conv_98": 0.5363642531250001,
    "Relu_99": 0.004704719675675668,
    "Conv_100": 0.20910017812499984,
    "Conv_101": 0.23637170312499975,
    "Relu_102": 0.004928677837837822,
    "Conv_103": 0.5934496937499997,
    "Relu_104": 0.004928677837837822,
    "Conv_105": 0.22384822812499974,
    "Conv_106": 0.25960324062500006,
    "Relu_107": 0.00532494621621619,
    "Conv_108": 0.6358339093750004,
    "Relu_109": 0.00532494621621619,
    "Conv_110": 0.2568856999999997,
    "Conv_111": 0.2864834656249996,
    "Relu_112": 0.005416413837837849,
    "Conv_113": 0.7053989375000008,
    "Relu_114": 0.005416413837837849,
    "Conv_115": 0.2687808156250001,
    "Conv_116": 0.2972678374999996,
    "Relu_117": 0.005416413837837849,
    "Conv_118": 0.7053989375000008,
    "Relu_119": 0.005416413837837849,
    "Conv_120": 0.2687808156250001,
    "Conv_121": 0.30396058749999966,
    "Relu_122": 0.005522813297297287,
    "Conv_123": 0.7289470062500001,
    "Relu_124": 0.005522813297297287,
    "Conv_125": 0.29761390000000043,
    "Conv_126": 0.32252000937499914,
    "Relu_127": 0.005751187783783788,
    "Conv_128": 0.7977914281250014,
    "Relu_129": 0.005751187783783788,
    "Conv_130": 0.3112986406249999,
    "Conv_131": 0.351085209375,
    "Relu_132": 0.006091632864864851,
    "Conv_133": 0.8566745000000004,
    "Relu_134": 0.006091632864864851,
    "Conv_135": 0.33354580937499934,
    "Conv_136": 0.3825416031249996,
    "Relu_137": 0.006120543999999979,
    "Conv_138": 0.8803417187500001,
    "Relu_139": 0.006120543999999979,
    "Conv_140": 0.35863610937499957,
    "Conv_141": 0.39514866250000025,
    "Relu_142": 0.006120543999999979,
    "Conv_143": 0.8803417187500001,
    "Relu_144": 0.006120543999999979,
    "Conv_145": 0.35863610937499957,
    "Conv_146": 0.4049904875000002,
    "Relu_147": 0.006386495081081067,
    "Conv_148": 0.934730193749999,
    "Relu_149": 0.006386495081081067,
    "Conv_150": 0.39113293749999994,
    "Conv_151": 0.4185750156250002,
    "Relu_152": 0.007057411351351368,
    "Conv_153": 1.0114331937499996,
    "Relu_154": 0.007057411351351368,
    "Conv_155": 0.40410935937499987,
    "Conv_156": 0.4498348718749998,
    "Relu_157": 0.006821906594594614,
    "Conv_158": 1.0510746031250005,
    "Relu_159": 0.006821906594594614,
    "Conv_160": 0.441939675,
    "Conv_161": 0.4807422937499998,
    "Relu_162": 0.006821906594594614,
    "Conv_163": 1.0510746031250005,
    "Relu_164": 0.006821906594594614,
    "Conv_165": 0.441939675,
    "Conv_166": 0.48701166249999994,
    "Relu_167": 0.006872264756756782,
    "Conv_168": 1.1338356062499984,
    "Relu_169": 0.006872264756756782,
    "Conv_170": 0.4661839874999997,
    "Conv_171": 0.5013343718750003,
    "Relu_172": 0.007653842162162151,
    "Conv_173": 1.2142981499999972,
    "Relu_174": 0.007653842162162151,
    "Conv_175": 0.48064965312499996,
    "Conv_176": 0.539807184374999,
    "Relu_177": 0.007484715621621604,
    "Conv_178": 1.2660843874999992,
    "Relu_179": 0.007484715621621604,
    "Conv_180": 0.5099038812500003,
    "Conv_181": 0.5706837031249983,
    "Relu_182": 0.007386532594594601,
    "Conv_183": 0.3558656062499993,
    "Relu_184": 0.002118409778378388,
    "Conv_185": 0.15080101875000024,
    "Conv_186": 0.16116314687500005,
    "Relu_187": 0.002118409778378388,
    "Conv_188": 0.3560398718749993,
    "Relu_189": 0.002118409778378388,
    "Conv_190": 0.15080101875000024,
    "Conv_191": 0.16104127812500016,
    "Relu_192": 0.0021538338378378355,
    "Conv_193": 0.3722445406249995,
    "Relu_194": 0.0021538338378378355,
    "Conv_195": 0.15168454062500009,
    "Conv_196": 0.16503996250000014,
    "Relu_197": 0.0022081537837837706,
    "Conv_198": 0.39843656874999944,
    "Relu_199": 0.0022081537837837706,
    "Conv_200": 0.16430744062499994,
    "Conv_201": 0.18007555000000028,
    "Relu_202": 0.002270561297297301,
    "Conv_203": 0.4137366656249992,
    "Relu_204": 0.002270561297297301,
    "Conv_205": 0.1671968406249999,
    "Conv_206": 0.18212287812500008,
    "Relu_207": 0.002270561297297301,
    "Conv_208": 0.4137366656249992,
    "Relu_209": 0.002270561297297301,
    "Conv_210": 0.1671968406249999,
    "Conv_211": 0.18864473125000006,
    "Relu_212": 0.002284547945945943,
    "Conv_213": 0.4313130124999992,
    "Relu_214": 0.002284547945945943,
    "Conv_215": 0.17419789374999983,
    "Conv_216": 0.19880176562500002,
    "Relu_217": 0.002329816216216221,
    "Conv_218": 0.43846859687499967,
    "Relu_219": 0.002329816216216221,